{"schemaVersion":"1.0","appDefinitionTemplate":{"id":"/providers/Microsoft.PowerApps/apps/","type":"Microsoft.PowerApps/apps","tags":{"primaryDeviceWidth":"1366","primaryDeviceHeight":"768","supportsPortrait":"true","supportsLandscape":"true","primaryFormFactor":"Tablet","publisherVersion":"3.22081.14","minimumRequiredApiVersion":"2.2.0","hasComponent":"false","hasUnlockedComponent":"false","isUnifiedRootApp":"false","sienaVersion":"20220814T235340Z-3.22081.14.0"},"properties":{"appVersion":"2022-08-14T23:53:40Z","lifeCycleId":"Published","createdByClientVersion":{"major":3,"minor":22081,"build":14,"revision":0,"majorRevision":0,"minorRevision":0},"minClientVersion":{"major":3,"minor":22081,"build":14,"revision":0,"majorRevision":0,"minorRevision":0},"backgroundColor":"rgba(255, 255, 255, 1)","backgroundImageUri":"/3579131608704665849/N1eae2388-c89c-4f01-b038-648364306766-logoSmallFile","displayName":"Corporative_Travels_App","description":"App created for manage corporative travels for a determinated company.\nAuthor: Manuel Portero Leiva","commitMessage":"","appUris":{"documentUri":{"value":"/3579131608704665849/Nfd8bde8d-b94e-43ee-a86c-2dbcc15c2bc9-document.msapp"},"imageUris":[],"additionalUris":[]},"createdTime":"0001-01-01T00:00:00Z","lastModifiedTime":"0001-01-01T00:00:00Z","sharedGroupsCount":0,"sharedUsersCount":0,"icons":{"smallIconUri":"/3579131608704665849/N0ef9791b-a6b5-4daf-a3c3-cddc219706a5-small.png","mediumIconUri":"/3579131608704665849/N564ab3f8-b1e4-4578-862b-31d610b5b10a-medium.png","largeIconUri":"/3579131608704665849/Nd7449d4d-04e6-4b7c-aa15-725ade6e2785-large.png","wideIconUri":"/3579131608704665849/N3e55635b-58b6-4fcc-978a-9d0718726381-wide.png"},"connectionReferences":{"03be2f9f-0a4a-4450-a8c6-6df5dcba4337":{"id":"852f9df4-93d4-4b8b-8edd-e41e89a0feae","displayName":"Office 365 Outlook","iconUri":"https://connectoricons-prod.azureedge.net/releases/v1.0.1591/1.0.1591.2961/office365/icon.png","dataSources":["Office365Outlook"],"dependencies":[],"dependents":["eaffc681-500c-48fd-a776-06d093bfce8a"],"parameterHints":{},"parameterHintsV2":{},"isOnPremiseConnection":false,"bypassConsent":false,"dataSets":{},"apiTier":"Standard","isCustomApiConnection":false,"actions":["CalendarGetTables","GetEventsCalendarViewV2"]},"b8fc4d4d-7558-4009-878d-32ddcbed5058":{"id":"82941e9d-6225-4590-aeea-dcdf97cd516a","displayName":"SharePoint","iconUri":"https://connectoricons-prod.azureedge.net/releases/v1.0.1591/1.0.1591.2961/sharepointonline/icon.png","dataSources":["Travel Approvals","Travel Communication","Travel Request"],"dependencies":[],"dependents":[],"parameterHints":{},"parameterHintsV2":{},"isOnPremiseConnection":false,"bypassConsent":false,"dataSets":{"https://t8656.sharepoint.com/sites/Travel_Request/":{"dataSources":{"Travel Approvals":{"tableName":"d736c30f-8ee8-4f67-bab7-3d8603470825"},"Travel Communication":{"tableName":"f9a0b294-d359-4fd7-9a57-14e5807bfb05"},"Travel Request":{"tableName":"7203dabc-11be-488b-9298-d77079e3d87c"}}}},"apiTier":"Standard","isCustomApiConnection":false,"actions":["providers/PowerPlatform.Governance/Operations/Read"]},"eaffc681-500c-48fd-a776-06d093bfce8a":{"id":"1b054fff-6a90-4c45-90f9-58e3b402966e","displayName":"Flujos lógicos","iconUri":"https://connectoricons-prod.azureedge.net/releases/v1.0.1534/1.0.1534.2605/logicflows/icon.png","dataSources":["Travel_Request_Comunication_Email"],"dependencies":["03be2f9f-0a4a-4450-a8c6-6df5dcba4337"],"dependents":[],"parameterHints":{"workflowName":{"value":"a6d59df7-c7b8-4cab-ba0d-b57d086f5b19"},"workflowEntityId":{},"03be2f9f-0a4a-4450-a8c6-6df5dcba4337":{"value":"shared_office365"}},"parameterHintsV2":{"workflowName":{"value":"a6d59df7-c7b8-4cab-ba0d-b57d086f5b19"},"workflowEntityId":{},"shared_office365":{"value":"03be2f9f-0a4a-4450-a8c6-6df5dcba4337"}},"isOnPremiseConnection":false,"bypassConsent":false,"dataSets":{},"apiTier":"Standard","isCustomApiConnection":false,"actions":["Run"],"nestedActions":[{"id":"/providers/Microsoft.PowerApps/apis/shared_office365/apiOperations/SendEmailV2","apiName":"Office 365 Outlook","actionName":"SendEmailV2","referencedResources":[]}]},"15b292d6-1b97-4bcd-9509-4c4729d54700":{"id":"1b054fff-6a90-4c45-90f9-58e3b402966e","displayName":"Flujos lógicos","iconUri":"https://connectoricons-prod.azureedge.net/releases/v1.0.1534/1.0.1534.2605/logicflows/icon.png","dataSources":["Travel_Request_Comunication_SMS"],"dependencies":[],"dependents":[],"parameterHints":{"workflowName":{"value":"8bd89655-7398-40c6-bf83-07c9c6e8d9f5"},"workflowEntityId":{}},"parameterHintsV2":{"workflowName":{"value":"8bd89655-7398-40c6-bf83-07c9c6e8d9f5"},"workflowEntityId":{}},"isOnPremiseConnection":false,"bypassConsent":false,"dataSets":{},"apiTier":"Standard","isCustomApiConnection":false,"actions":["Run"],"nestedActions":[]},"cb186fbb-f7c8-4f59-82c9-867a6d34250c":{"id":"1b054fff-6a90-4c45-90f9-58e3b402966e","displayName":"Flujos lógicos","iconUri":"https://connectoricons-prod.azureedge.net/releases/v1.0.1534/1.0.1534.2605/logicflows/icon.png","dataSources":["Travel_Request_Comunication_Teams"],"dependencies":["4e61fc1a-0ab2-4c9b-9f91-c1c2fa60e951"],"dependents":[],"parameterHints":{"workflowName":{"value":"4acae7fc-cbbf-434e-9391-3fee046d8d9c"},"workflowEntityId":{},"4e61fc1a-0ab2-4c9b-9f91-c1c2fa60e951":{"value":"shared_teams"}},"parameterHintsV2":{"workflowName":{"value":"4acae7fc-cbbf-434e-9391-3fee046d8d9c"},"workflowEntityId":{},"shared_teams":{"value":"4e61fc1a-0ab2-4c9b-9f91-c1c2fa60e951"}},"isOnPremiseConnection":false,"bypassConsent":false,"dataSets":{},"apiTier":"Standard","isCustomApiConnection":false,"actions":["Run"],"nestedActions":[]},"4e61fc1a-0ab2-4c9b-9f91-c1c2fa60e951":{"id":"5adaed9a-b4fa-4ddf-865a-dc14c61165eb","displayName":"Microsoft Teams","iconUri":"https://connectoricons-prod.azureedge.net/releases/v1.0.1591/1.0.1591.2961/teams/icon.png","dataSources":[],"dependencies":[],"dependents":["cb186fbb-f7c8-4f59-82c9-867a6d34250c"],"parameterHints":{},"parameterHintsV2":{},"isOnPremiseConnection":false,"bypassConsent":false,"dataSets":{},"apiTier":"Standard","isCustomApiConnection":false},"c0a55b12-e490-459c-bc0f-8aff88922dfc":{"id":"d6e78153-021c-4119-b80a-9769f13c9e51","displayName":"Servicios espaciales","iconUri":"https://connectoricons-prod.azureedge.net/releases/v1.0.1586/1.0.1586.2912/microsoftspatialservices/icon.png","dataSources":["Serviciosespaciales"],"dependencies":[],"dependents":[],"parameterHints":{},"parameterHintsV2":{},"isOnPremiseConnection":false,"bypassConsent":false,"dataSets":{},"apiTier":"Premium","isCustomApiConnection":false}},"databaseReferences":{},"almMode":"Environment","performanceOptimizationEnabled":true,"canConsumeAppPass":true,"executionRestrictions":{"isTeamsOnly":false,"dataLossPreventionEvaluationResult":{"status":"Compliant","lastEvaluationDate":"2022-08-14T23:53:58.1070653Z","violations":[],"violationsByPolicy":[],"violationErrorMessage":"La aplicación usa los siguientes conectores: shared_office365, shared_sharepointonline, shared_logicflows, shared_teams, shared_microsoftspatialservices."},"httpActionRestriction":{"appUsesSharepointHttpAction":false,"enforcementStrategy":"Legacy","evaluationTime":"2022-08-14T23:53:58.1069463Z"}}},"appType":"ClassicCanvasApp","appComponents":[]}}