{
  "properties": {
    "connectionReferences": {
      "shared_sharepointonline": {
        "runtimeSource": "embedded",
        "connection": {
          "connectionReferenceLogicalName": "new_sharedsharepointonline_424f1"
        },
        "api": {
          "name": "shared_sharepointonline"
        }
      },
      "shared_approvals_1": {
        "runtimeSource": "embedded",
        "connection": {
          "connectionReferenceLogicalName": "new_sharedapprovals_bfd4a"
        },
        "api": {
          "name": "shared_approvals"
        }
      },
      "shared_office365_1": {
        "runtimeSource": "embedded",
        "connection": {
          "connectionReferenceLogicalName": "new_sharedoffice365_150da"
        },
        "api": {
          "name": "shared_office365"
        }
      }
    },
    "definition": {
      "$schema": "https://schema.management.azure.com/providers/Microsoft.Logic/schemas/2016-06-01/workflowdefinition.json#",
      "contentVersion": "1.0.0.0",
      "parameters": {
        "$connections": {
          "defaultValue": {},
          "type": "Object"
        },
        "$authentication": {
          "defaultValue": {},
          "type": "SecureObject"
        }
      },
      "triggers": {
        "When_an_item_is_created_or_modified": {
          "recurrence": {
            "interval": 1,
            "frequency": "Minute"
          },
          "splitOn": "@triggerOutputs()?['body/value']",
          "metadata": {
            "operationMetadataId": "fd7c7496-aa16-4edf-8c52-7397fda5c76f"
          },
          "type": "OpenApiConnection",
          "inputs": {
            "host": {
              "connectionName": "shared_sharepointonline",
              "operationId": "GetOnUpdatedItems",
              "apiId": "/providers/Microsoft.PowerApps/apis/shared_sharepointonline"
            },
            "parameters": {
              "dataset": "https://t8656.sharepoint.com/sites/Travel_Request",
              "table": "7203dabc-11be-488b-9298-d77079e3d87c"
            },
            "authentication": "@parameters('$authentication')"
          }
        }
      },
      "actions": {
        "Try": {
          "actions": {
            "Comunicate_with_the_approver": {
              "runAfter": {},
              "metadata": {
                "operationMetadataId": "820ba96f-2944-4791-9224-e8993267f83b"
              },
              "type": "OpenApiConnectionWebhook",
              "inputs": {
                "host": {
                  "connectionName": "shared_approvals_1",
                  "operationId": "StartAndWaitForAnApproval",
                  "apiId": "/providers/Microsoft.PowerApps/apis/shared_approvals"
                },
                "parameters": {
                  "approvalType": "Basic",
                  "WebhookApprovalCreationInput/title": "@{triggerOutputs()?['body/Title']} - Travel Request",
                  "WebhookApprovalCreationInput/assignedTo": "manuelportero@t8656.onmicrosoft.com;",
                  "WebhookApprovalCreationInput/enableNotifications": true,
                  "WebhookApprovalCreationInput/enableReassignment": true
                },
                "authentication": "@parameters('$authentication')"
              }
            },
            "Apply_to_each": {
              "foreach": "@outputs('Comunicate_with_the_approver')?['body/responses']",
              "actions": {
                "Condition": {
                  "actions": {
                    "Approve_Request": {
                      "runAfter": {},
                      "metadata": {
                        "operationMetadataId": "37bb2228-5beb-4941-ba44-eaf41ee50914"
                      },
                      "type": "OpenApiConnection",
                      "inputs": {
                        "host": {
                          "connectionName": "shared_sharepointonline",
                          "operationId": "PostItem",
                          "apiId": "/providers/Microsoft.PowerApps/apis/shared_sharepointonline"
                        },
                        "parameters": {
                          "dataset": "https://t8656.sharepoint.com/sites/Travel_Request",
                          "table": "d736c30f-8ee8-4f67-bab7-3d8603470825",
                          "item/Title": "@triggerOutputs()?['body/Title']",
                          "item/field_1": "@triggerOutputs()?['body/field_1']",
                          "item/field_2": "@triggerOutputs()?['body/field_2']",
                          "item/field_3": "@triggerOutputs()?['body/field_3']",
                          "item/field_4": "Approved"
                        },
                        "authentication": "@parameters('$authentication')"
                      }
                    }
                  },
                  "runAfter": {},
                  "else": {
                    "actions": {
                      "Create_item": {
                        "runAfter": {},
                        "metadata": {
                          "operationMetadataId": "5616a9f0-8ab4-40e3-be98-7e23cb17df9e"
                        },
                        "type": "OpenApiConnection",
                        "inputs": {
                          "host": {
                            "connectionName": "shared_sharepointonline",
                            "operationId": "PostItem",
                            "apiId": "/providers/Microsoft.PowerApps/apis/shared_sharepointonline"
                          },
                          "parameters": {
                            "dataset": "https://t8656.sharepoint.com/sites/Travel_Request",
                            "table": "d736c30f-8ee8-4f67-bab7-3d8603470825",
                            "item/Title": "@triggerOutputs()?['body/Title']",
                            "item/field_1": "@triggerOutputs()?['body/field_1']",
                            "item/field_2": "@triggerOutputs()?['body/field_2']",
                            "item/field_3": "@triggerOutputs()?['body/field_3']",
                            "item/field_4": "Rejected"
                          },
                          "authentication": "@parameters('$authentication')"
                        }
                      }
                    }
                  },
                  "expression": {
                    "equals": [
                      "@items('Apply_to_each')?['approverResponse']",
                      "Approve"
                    ]
                  },
                  "metadata": {
                    "operationMetadataId": "9b15077e-0edb-4d94-9871-45390965c1e0"
                  },
                  "type": "If"
                }
              },
              "runAfter": {
                "Comunicate_with_the_approver": [
                  "Succeeded"
                ]
              },
              "metadata": {
                "operationMetadataId": "9484f2cb-4654-4258-8ec9-9f71ed6cbd05"
              },
              "type": "Foreach"
            }
          },
          "runAfter": {},
          "metadata": {
            "operationMetadataId": "afe0c999-d9a5-4199-b8c5-f13273e28dcc"
          },
          "type": "Scope"
        },
        "Catch_Error": {
          "actions": {
            "Send_Error_Email": {
              "runAfter": {},
              "metadata": {
                "operationMetadataId": "faed47cd-999c-4aac-bf84-07c2921f96fe"
              },
              "type": "OpenApiConnection",
              "inputs": {
                "host": {
                  "connectionName": "shared_office365_1",
                  "operationId": "SendEmailV2",
                  "apiId": "/providers/Microsoft.PowerApps/apis/shared_office365"
                },
                "parameters": {
                  "emailMessage/To": "manuelportero@t8656.onmicrosoft.com",
                  "emailMessage/Subject": "Travel Request Approval Solution failed",
                  "emailMessage/Body": "<p>The Travel Request Approval Solution failed at @{utcNow()}</p>",
                  "emailMessage/Importance": "Normal"
                },
                "authentication": "@parameters('$authentication')"
              }
            }
          },
          "runAfter": {
            "Try": [
              "Succeeded"
            ]
          },
          "metadata": {
            "operationMetadataId": "98e6f4c6-500e-4867-94f9-7bf1e684f4fc"
          },
          "type": "Scope"
        }
      }
    },
    "templateName": null
  },
  "schemaVersion": "1.0.0.0"
}