{
  "properties": {
    "connectionReferences": {
      "shared_teams": {
        "runtimeSource": "invoker",
        "connection": {
          "connectionReferenceLogicalName": "mpl_sharedteams_dc4c0"
        },
        "api": {
          "name": "shared_teams"
        }
      },
      "shared_office365": {
        "runtimeSource": "invoker",
        "connection": {
          "connectionReferenceLogicalName": "new_sharedoffice365_150da"
        },
        "api": {
          "name": "shared_office365"
        }
      }
    },
    "definition": {
      "$schema": "https://schema.management.azure.com/providers/Microsoft.Logic/schemas/2016-06-01/workflowdefinition.json#",
      "contentVersion": "1.0.0.0",
      "parameters": {
        "$connections": {
          "defaultValue": {},
          "type": "Object"
        },
        "$authentication": {
          "defaultValue": {},
          "type": "SecureObject"
        }
      },
      "triggers": {
        "manual": {
          "metadata": {
            "operationMetadataId": "070da095-85c6-420f-b2f9-3c1ed59c72d5"
          },
          "type": "Request",
          "kind": "PowerApp",
          "inputs": {
            "schema": {
              "type": "object",
              "properties": {
                "SetTitle_Value": {
                  "type": "string",
                  "description": "Enter initial value",
                  "x-ms-powerflows-param-ispartial": false
                },
                "SetRequested_Value": {
                  "type": "string",
                  "description": "Enter initial value",
                  "x-ms-powerflows-param-ispartial": false
                },
                "SetCommunication_Value": {
                  "type": "string",
                  "description": "Enter initial value",
                  "x-ms-powerflows-param-ispartial": false
                }
              },
              "required": [
                "SetTitle_Value",
                "SetRequested_Value",
                "SetCommunication_Value"
              ]
            }
          }
        }
      },
      "actions": {
        "Set_Title_": {
          "runAfter": {},
          "metadata": {
            "operationMetadataId": "5bc4aba9-43a6-4368-a63e-578f6ee05baa"
          },
          "type": "InitializeVariable",
          "inputs": {
            "variables": [
              {
                "name": "Title",
                "type": "string",
                "value": "@{triggerBody()['SetTitle_Value']}"
              }
            ]
          }
        },
        "Set_Requested": {
          "runAfter": {
            "Set_Title_": [
              "Succeeded"
            ]
          },
          "metadata": {
            "operationMetadataId": "761b00d5-bc9a-4708-bf9b-15aba2cef11c"
          },
          "type": "InitializeVariable",
          "inputs": {
            "variables": [
              {
                "name": "Requested",
                "type": "string",
                "value": "@{triggerBody()['SetRequested_Value']}"
              }
            ]
          }
        },
        "Set_Communication": {
          "runAfter": {
            "Set_Requested": [
              "Succeeded"
            ]
          },
          "metadata": {
            "operationMetadataId": "7cd1a580-4268-489e-8c53-ed69fb7c4b21"
          },
          "type": "InitializeVariable",
          "inputs": {
            "variables": [
              {
                "name": "Communication",
                "type": "string",
                "value": "@{triggerBody()['SetCommunication_Value']}"
              }
            ]
          }
        },
        "Try": {
          "actions": {
            "Respond_to_a_PowerApp_or_flow": {
              "runAfter": {
                "Post_message_in_a_chat_or_channel": [
                  "Succeeded"
                ]
              },
              "metadata": {
                "operationMetadataId": "e0b5d795-313a-4d01-93c2-9bcd4200ee44"
              },
              "type": "Response",
              "kind": "PowerApp",
              "inputs": {
                "statusCode": 200,
                "body": {
                  "result": "OK"
                },
                "schema": {
                  "type": "object",
                  "properties": {
                    "result": {
                      "title": "result",
                      "x-ms-dynamically-added": true,
                      "type": "string"
                    }
                  }
                }
              }
            },
            "Post_message_in_a_chat_or_channel": {
              "runAfter": {},
              "metadata": {
                "operationMetadataId": "25f92942-a485-47fa-a49f-abcf58ed3b0c"
              },
              "type": "OpenApiConnection",
              "inputs": {
                "host": {
                  "connectionName": "shared_teams",
                  "operationId": "PostMessageToConversation",
                  "apiId": "/providers/Microsoft.PowerApps/apis/shared_teams"
                },
                "parameters": {
                  "poster": "Flow bot",
                  "location": "Channel",
                  "body/recipient/groupId": "89be5040-2747-4ad0-af0c-76775df4d0b6",
                  "body/recipient/channelId": "19:wKHHBxlNvbRK5Do8tOtHQYaGZURgPK3IfBntv5bUY141@thread.tacv2",
                  "body/messageBody": "<p>@{variables('Requested')}<br>\n<br>\n@{variables('Title')}<br>\n<br>\n@{variables('Communication')}</p>"
                },
                "authentication": {
                  "type": "Raw",
                  "value": "@json(decodeBase64(triggerOutputs().headers['X-MS-APIM-Tokens']))['$ConnectionKey']"
                }
              }
            }
          },
          "runAfter": {
            "Set_Communication": [
              "Succeeded"
            ]
          },
          "metadata": {
            "operationMetadataId": "d481c272-c341-4cde-9b97-999696149d3a"
          },
          "type": "Scope"
        },
        "Error_Catch": {
          "actions": {
            "Send_error_email": {
              "runAfter": {},
              "metadata": {
                "operationMetadataId": "db5dc673-4cdb-4327-9231-0bfbfa3b246a"
              },
              "type": "OpenApiConnection",
              "inputs": {
                "host": {
                  "connectionName": "shared_office365",
                  "operationId": "SendEmailV2",
                  "apiId": "/providers/Microsoft.PowerApps/apis/shared_office365"
                },
                "parameters": {
                  "emailMessage/To": "manuelportero@t8656.onmicrosoft.com",
                  "emailMessage/Subject": "Travel Request Comunication Email failed today",
                  "emailMessage/Body": "<p>Travel Request Comunication Email failed today at @{utcNow()}</p>",
                  "emailMessage/Importance": "Normal"
                },
                "authentication": {
                  "type": "Raw",
                  "value": "@json(decodeBase64(triggerOutputs().headers['X-MS-APIM-Tokens']))['$ConnectionKey']"
                }
              }
            }
          },
          "runAfter": {
            "Try": [
              "Failed",
              "Skipped",
              "TimedOut"
            ]
          },
          "metadata": {
            "operationMetadataId": "cde1d46c-fa6f-4124-8e0b-c73d151116f6"
          },
          "type": "Scope"
        }
      },
      "outputs": {}
    },
    "templateName": ""
  },
  "schemaVersion": "1.0.0.0"
}