{"schemaVersion":"1.0","appDefinitionTemplate":{"id":"/providers/Microsoft.PowerApps/apps/","type":"Microsoft.PowerApps/apps","tags":{"primaryDeviceWidth":"1366","primaryDeviceHeight":"768","supportsPortrait":"true","supportsLandscape":"true","primaryFormFactor":"Tablet","publisherVersion":"3.22074.11","minimumRequiredApiVersion":"2.2.0","hasComponent":"false","hasUnlockedComponent":"false","isUnifiedRootApp":"false","sienaVersion":"20220807T152317Z-3.22074.11.0"},"properties":{"appVersion":"2022-08-07T15:23:17Z","lifeCycleId":"Published","createdByClientVersion":{"major":3,"minor":22074,"build":11,"revision":0,"majorRevision":0,"minorRevision":0},"minClientVersion":{"major":3,"minor":22074,"build":11,"revision":0,"majorRevision":0,"minorRevision":0},"backgroundColor":"rgba(255, 255, 255, 1)","backgroundImageUri":"/13266606642261079438/N8d36476f-3ff3-4c69-bb13-9dd08b438a1a-logoSmallFile","displayName":"Corporative_Travels_App","description":"App created for manage corporative travels for a determinated company.\nAuthor: Manuel Portero Leiva","commitMessage":"","appUris":{"documentUri":{"value":"/13266606642261079438/Nfbc58b61-b15b-46c5-b013-68ace32c719d-document.msapp"},"imageUris":[],"additionalUris":[]},"createdTime":"0001-01-01T00:00:00Z","lastModifiedTime":"0001-01-01T00:00:00Z","sharedGroupsCount":0,"sharedUsersCount":0,"icons":{"smallIconUri":"/13266606642261079438/Nd17bfd9d-1209-46bc-877a-b37ca8613ee6-small.png","mediumIconUri":"/13266606642261079438/Nb0ffb40c-f03c-4c77-b2be-fe76144d9809-medium.png","largeIconUri":"/13266606642261079438/N09c130db-2ac3-4ab9-9fe5-24fb3221873b-large.png","wideIconUri":"/13266606642261079438/N10234e76-1c27-469f-8eea-3797236b631e-wide.png"},"connectionReferences":{"cf9b8fd6-20af-43a0-b3bb-cd45ffd745a5":{"id":"46dfbf4b-991c-4dcc-914c-4979180b6e23","displayName":"SharePoint","iconUri":"https://connectoricons-prod.azureedge.net/releases/v1.0.1588/1.0.1588.2938/sharepointonline/icon.png","dataSources":["Travel Request","Travel Approvals","Travel  Communication"],"dependencies":[],"dependents":[],"parameterHints":{},"parameterHintsV2":{},"isOnPremiseConnection":false,"bypassConsent":false,"dataSets":{"https://manuelportero.sharepoint.com/sites/TravelRequest":{"dataSources":{"Travel Request":{"tableName":"c8febd69-2cb2-4ec2-8446-bf9a20b4db31"},"Travel Approvals":{"tableName":"f7323352-e54f-46cc-9069-183e4348febd"},"Travel  Communication":{"tableName":"46aad5b7-66f5-41f7-868b-215e28aad209"}}}},"apiTier":"Standard","isCustomApiConnection":false,"actions":["providers/PowerPlatform.Governance/Operations/Read","providers/PowerPlatform.Governance/Operations/Write"]},"6eb75059-3803-4bf6-96e7-6fbb7d5c0d8a":{"id":"f7613bcf-6ce6-4660-9f45-ef6225ba85da","displayName":"Flujos lógicos","iconUri":"https://connectoricons-prod.azureedge.net/releases/v1.0.1534/1.0.1534.2605/logicflows/icon.png","dataSources":["Travel_Request_Comunication_SMS"],"dependencies":[],"dependents":[],"parameterHints":{"workflowName":{"value":"d0b26321-3031-4a5c-8fa8-9bf19cb2be58"},"workflowEntityId":{}},"parameterHintsV2":{"workflowName":{"value":"d0b26321-3031-4a5c-8fa8-9bf19cb2be58"},"workflowEntityId":{}},"isOnPremiseConnection":false,"bypassConsent":false,"dataSets":{},"apiTier":"Standard","isCustomApiConnection":false,"actions":["Run"],"nestedActions":[]},"d2cacb1c-c6db-48b8-a69f-4479f8c3d592":{"id":"f7613bcf-6ce6-4660-9f45-ef6225ba85da","displayName":"Flujos lógicos","iconUri":"https://connectoricons-prod.azureedge.net/releases/v1.0.1534/1.0.1534.2605/logicflows/icon.png","dataSources":["Travel_Request_Comunication_Email"],"dependencies":["03be2f9f-0a4a-4450-a8c6-6df5dcba4337"],"dependents":[],"parameterHints":{"workflowName":{"value":"f02c0057-245f-4204-8de4-d0de37235500"},"workflowEntityId":{},"03be2f9f-0a4a-4450-a8c6-6df5dcba4337":{"value":"shared_office365"}},"parameterHintsV2":{"workflowName":{"value":"f02c0057-245f-4204-8de4-d0de37235500"},"workflowEntityId":{},"shared_office365":{"value":"03be2f9f-0a4a-4450-a8c6-6df5dcba4337"}},"isOnPremiseConnection":false,"bypassConsent":false,"dataSets":{},"apiTier":"Standard","isCustomApiConnection":false,"actions":["Run"],"nestedActions":[{"id":"/providers/Microsoft.PowerApps/apis/shared_office365/apiOperations/SendEmailV2","apiName":"Office 365 Outlook","actionName":"SendEmailV2","referencedResources":[]}]},"03be2f9f-0a4a-4450-a8c6-6df5dcba4337":{"id":"f20c7400-172d-4555-84f2-2f330a83d832","displayName":"Office 365 Outlook","iconUri":"https://connectoricons-prod.azureedge.net/releases/v1.0.1588/1.0.1588.2938/office365/icon.png","dataSources":["Office365Outlook"],"dependencies":[],"dependents":["d2cacb1c-c6db-48b8-a69f-4479f8c3d592"],"parameterHints":{},"parameterHintsV2":{},"isOnPremiseConnection":false,"bypassConsent":false,"dataSets":{},"apiTier":"Standard","isCustomApiConnection":false,"actions":["GetEventsCalendarViewV2","CalendarGetTables"]},"7b133fcd-7ae1-4cab-bfdb-15c0b3b587f8":{"id":"f7613bcf-6ce6-4660-9f45-ef6225ba85da","displayName":"Flujos lógicos","iconUri":"https://connectoricons-prod.azureedge.net/releases/v1.0.1534/1.0.1534.2605/logicflows/icon.png","dataSources":["Travel_Request_Comunication_Teams"],"dependencies":["c7fd637a-c731-4021-8549-f89ba79b5511"],"dependents":[],"parameterHints":{"workflowName":{"value":"5839442f-e687-4c2b-8a19-593de7bd0361"},"workflowEntityId":{},"c7fd637a-c731-4021-8549-f89ba79b5511":{"value":"shared_teams"}},"parameterHintsV2":{"workflowName":{"value":"5839442f-e687-4c2b-8a19-593de7bd0361"},"workflowEntityId":{},"shared_teams":{"value":"c7fd637a-c731-4021-8549-f89ba79b5511"}},"isOnPremiseConnection":false,"bypassConsent":false,"dataSets":{},"apiTier":"Standard","isCustomApiConnection":false,"actions":["Run"],"nestedActions":[{"id":"/providers/Microsoft.PowerApps/apis/shared_teams/apiOperations/PostMessageToConversation","apiName":"Microsoft Teams","actionName":"PostMessageToConversation","referencedResources":[]}]},"c7fd637a-c731-4021-8549-f89ba79b5511":{"id":"4ff1bf03-38ac-4653-8672-fb768e0b09a3","displayName":"Microsoft Teams","iconUri":"https://connectoricons-prod.azureedge.net/releases/v1.0.1588/1.0.1588.2938/teams/icon.png","dataSources":[],"dependencies":[],"dependents":["7b133fcd-7ae1-4cab-bfdb-15c0b3b587f8"],"parameterHints":{},"parameterHintsV2":{},"isOnPremiseConnection":false,"bypassConsent":false,"dataSets":{},"apiTier":"Standard","isCustomApiConnection":false}},"databaseReferences":{},"almMode":"Environment","performanceOptimizationEnabled":true,"canConsumeAppPass":true,"executionRestrictions":{"isTeamsOnly":false,"dataLossPreventionEvaluationResult":{"status":"Compliant","lastEvaluationDate":"2022-08-07T15:23:37.0744876Z","violations":[],"violationsByPolicy":[],"violationErrorMessage":"La aplicación usa los siguientes conectores: shared_sharepointonline, shared_logicflows, shared_office365, shared_teams."},"httpActionRestriction":{"appUsesSharepointHttpAction":false,"enforcementStrategy":"Legacy","evaluationTime":"2022-08-07T15:23:37.0738556Z"}}},"appType":"ClassicCanvasApp","appComponents":[]}}