<ImportExportXml xmlns:xsi="http://www.w3.org/2001/XMLSchema-instance">
  <Entities></Entities>
  <Roles></Roles>
  <Workflows>
    <Workflow WorkflowId="{78cb1108-4101-ee11-8f6e-000d3a292a69}" Name="TravelRequestApprovalSolution">
      <JsonFileName>/Workflows/TravelRequestApprovalSolution-78CB1108-4101-EE11-8F6E-000D3A292A69.json</JsonFileName>
      <Type>1</Type>
      <Subprocess>0</Subprocess>
      <Category>5</Category>
      <Mode>0</Mode>
      <Scope>4</Scope>
      <OnDemand>0</OnDemand>
      <TriggerOnCreate>0</TriggerOnCreate>
      <TriggerOnDelete>0</TriggerOnDelete>
      <AsyncAutodelete>0</AsyncAutodelete>
      <SyncWorkflowLogOnFailure>0</SyncWorkflowLogOnFailure>
      <StateCode>1</StateCode>
      <StatusCode>2</StatusCode>
      <RunAs>1</RunAs>
      <IsTransacted>1</IsTransacted>
      <IntroducedVersion>1.0.0.0</IntroducedVersion>
      <IsCustomizable>1</IsCustomizable>
      <BusinessProcessType>0</BusinessProcessType>
      <IsCustomProcessingStepAllowedForOtherPublishers>1</IsCustomProcessingStepAllowedForOtherPublishers>
      <PrimaryEntity>none</PrimaryEntity>
      <LocalizedNames>
        <LocalizedName languagecode="3082" description="TravelRequestApprovalSolution" />
      </LocalizedNames>
    </Workflow>
    <Workflow WorkflowId="{5687f4ed-4301-ee11-8f6e-000d3a292a69}" Name="Travel_Request_Comunication_Teams">
      <JsonFileName>/Workflows/Travel_Request_Comunication_Teams-5687F4ED-4301-EE11-8F6E-000D3A292A69.json</JsonFileName>
      <Type>1</Type>
      <Subprocess>0</Subprocess>
      <Category>5</Category>
      <Mode>0</Mode>
      <Scope>4</Scope>
      <OnDemand>0</OnDemand>
      <TriggerOnCreate>0</TriggerOnCreate>
      <TriggerOnDelete>0</TriggerOnDelete>
      <AsyncAutodelete>0</AsyncAutodelete>
      <SyncWorkflowLogOnFailure>0</SyncWorkflowLogOnFailure>
      <StateCode>0</StateCode>
      <StatusCode>1</StatusCode>
      <RunAs>1</RunAs>
      <IsTransacted>1</IsTransacted>
      <IntroducedVersion>1.0.0.1</IntroducedVersion>
      <IsCustomizable>1</IsCustomizable>
      <BusinessProcessType>0</BusinessProcessType>
      <IsCustomProcessingStepAllowedForOtherPublishers>1</IsCustomProcessingStepAllowedForOtherPublishers>
      <PrimaryEntity>none</PrimaryEntity>
      <LocalizedNames>
        <LocalizedName languagecode="3082" description="Travel_Request_Comunication_Teams" />
      </LocalizedNames>
    </Workflow>
  </Workflows>
  <FieldSecurityProfiles></FieldSecurityProfiles>
  <Templates />
  <EntityMaps />
  <EntityRelationships />
  <OrganizationSettings />
  <optionsets />
  <CustomControls />
  <EntityDataProviders />
  <CanvasApps>
    <CanvasApp>
      <Name>mpl_travelsrequestsolutiondesktopapp_c7e39</Name>
      <AppVersion>2023-06-02T13:02:04Z</AppVersion>
      <Status>Ready</Status>
      <CreatedByClientVersion>3.23053.41.0</CreatedByClientVersion>
      <MinClientVersion>3.23053.41.0</MinClientVersion>
      <Tags>{"primaryDeviceWidth":"1366","primaryDeviceHeight":"768","supportsPortrait":"true","supportsLandscape":"true","primaryFormFactor":"Tablet","publisherVersion":"3.23053.41","minimumRequiredApiVersion":"2.2.0","hasComponent":"false","hasUnlockedComponent":"false","isUnifiedRootApp":"false","sienaVersion":"20230602T110526Z-3.23053.41.0"}</Tags>
      <IsCdsUpgraded>0</IsCdsUpgraded>
      <GalleryItemId xsi:nil="true"></GalleryItemId>
      <BackgroundColor>rgba(255, 255, 255, 1)</BackgroundColor>
      <DisplayName>Travels_Request_Solution_DesktopApp</DisplayName>
      <Description>App created for manage corporative travels for a determinated company.
Author: Manuel Portero Leiva</Description>
      <CommitMessage xsi:nil="true"></CommitMessage>
      <Publisher xsi:nil="true"></Publisher>
      <AuthorizationReferences>[]</AuthorizationReferences>
      <ConnectionReferences>{"03be2f9f-0a4a-4450-a8c6-6df5dcba4337":{"id":"/providers/microsoft.powerapps/apis/shared_office365","displayName":"Office 365 Outlook","iconUri":"https://connectoricons-prod.azureedge.net/releases/v1.0.1626/1.0.1626.3238/office365/icon.png","dataSources":["Office365Outlook"],"dependencies":[],"dependents":[],"parameterHints":{},"parameterHintsV2":{},"isOnPremiseConnection":false,"bypassConsent":false,"dataSets":{},"apiTier":"Standard","actions":["CalendarGetTables","GetEventsCalendarViewV2"]},"b8fc4d4d-7558-4009-878d-32ddcbed5058":{"id":"/providers/microsoft.powerapps/apis/shared_sharepointonline","displayName":"SharePoint","iconUri":"https://connectoricons-prod.azureedge.net/releases/v1.0.1636/1.0.1636.3297/sharepointonline/icon.png","dataSources":["Travel Approvals","Travel Communication","Travel Request"],"dependencies":[],"dependents":[],"parameterHints":{},"parameterHintsV2":{},"isOnPremiseConnection":false,"bypassConsent":false,"dataSets":{"https://t8656.sharepoint.com/sites/Travel_Request/":{"dataSources":{"Travel Approvals":{"tableName":"d736c30f-8ee8-4f67-bab7-3d8603470825"},"Travel Communication":{"tableName":"f9a0b294-d359-4fd7-9a57-14e5807bfb05"},"Travel Request":{"tableName":"7203dabc-11be-488b-9298-d77079e3d87c"}}}},"apiTier":"Standard","actions":["providers/PowerPlatform.Governance/Operations/Read"]},"6190c2d9-74df-4fcc-a9fd-02f37f57c691":{"id":"/providers/microsoft.powerapps/apis/shared_logicflows","displayName":"Logic flows","iconUri":"https://connectoricons-prod.azureedge.net/releases/v1.0.1636/1.0.1636.3297/logicflows/icon.png","dataSources":["Travel_Request_Comunication_Email"],"dependencies":["64653acc-3e46-4f8d-bc55-217a73383926"],"dependents":[],"parameterHints":{"workflowName":{"value":"ae000886-1ef0-4a16-ab21-beed94f66603"},"workflowEntityId":{"value":"e5ebb109-4301-ee11-8f6e-000d3a292a69"},"64653acc-3e46-4f8d-bc55-217a73383926":{"value":"shared_office365"}},"parameterHintsV2":{"workflowName":{"value":"ae000886-1ef0-4a16-ab21-beed94f66603"},"workflowEntityId":{"value":"e5ebb109-4301-ee11-8f6e-000d3a292a69"},"shared_office365":{"value":"64653acc-3e46-4f8d-bc55-217a73383926"}},"isOnPremiseConnection":false,"bypassConsent":false,"dataSets":{},"apiTier":"Standard","actions":["Run"]},"64653acc-3e46-4f8d-bc55-217a73383926":{"id":"/providers/microsoft.powerapps/apis/shared_office365","displayName":"Office 365 Outlook","iconUri":"https://connectoricons-prod.azureedge.net/releases/v1.0.1626/1.0.1626.3238/office365/icon.png","dataSources":[],"dependencies":[],"dependents":["6190c2d9-74df-4fcc-a9fd-02f37f57c691"],"parameterHints":{},"parameterHintsV2":{},"isOnPremiseConnection":false,"bypassConsent":false,"dataSets":{},"apiTier":"Standard"},"2b1941fc-0909-4e62-a398-0bc1dd5547b2":{"id":"/providers/microsoft.powerapps/apis/shared_microsoftspatialservices","displayName":"Spatial Services","iconUri":"https://connectoricons-prod.azureedge.net/releases/v1.0.1613/1.0.1613.3125/microsoftspatialservices/icon.png","dataSources":["SpatialServices"],"dependencies":[],"dependents":[],"parameterHints":{},"parameterHintsV2":{},"isOnPremiseConnection":false,"bypassConsent":false,"dataSets":{},"apiTier":"Premium"}}</ConnectionReferences>
      <DatabaseReferences>{}</DatabaseReferences>
      <AppComponents>[]</AppComponents>
      <AppComponentDependencies>[]</AppComponentDependencies>
      <CanConsumeAppPass>1</CanConsumeAppPass>
      <CanvasAppType>0</CanvasAppType>
      <BypassConsent>0</BypassConsent>
      <AdminControlBypassConsent>0</AdminControlBypassConsent>
      <EmbeddedApp xsi:nil="true"></EmbeddedApp>
      <IntroducedVersion>1.0</IntroducedVersion>
      <CdsDependencies>{"cdsdependencies":[{"dependencyid":"e5ebb109-4301-ee11-8f6e-000d3a292a69","componenttype":29,"componenttypeplatformname":"Workflow"}]}</CdsDependencies>
      <IsCustomizable>1</IsCustomizable>
      <BackgroundImageUri>/CanvasApps/mpl_travelsrequestsolutiondesktopapp_c7e39_BackgroundImageUri</BackgroundImageUri>
      <DocumentUri>/CanvasApps/mpl_travelsrequestsolutiondesktopapp_c7e39_DocumentUri.msapp</DocumentUri>
    </CanvasApp>
  </CanvasApps>
  <connectionreferences>
    <connectionreference connectionreferencelogicalname="mpl_sharedteams_dc4c0">
      <connectionreferencedisplayname>Microsoft Teams Travelssolution-dc4c0</connectionreferencedisplayname>
      <connectorid>/providers/Microsoft.PowerApps/apis/shared_teams</connectorid>
      <iscustomizable>1</iscustomizable>
      <statecode>0</statecode>
      <statuscode>1</statuscode>
    </connectionreference>
  </connectionreferences>
  <Languages>
    <Language>3082</Language>
  </Languages>
</ImportExportXml>