<ImportExportXml version="9.2.23051.240" SolutionPackageVersion="9.2" languagecode="3082" generatedBy="CrmLive" xmlns:xsi="http://www.w3.org/2001/XMLSchema-instance">
  <SolutionManifest>
    <UniqueName>Travelssolution</UniqueName>
    <LocalizedNames>
      <LocalizedName description="Travels solution" languagecode="3082" />
    </LocalizedNames>
    <Descriptions />
    <Version>1.0.0.1</Version>
    <Managed>0</Managed>
    <Publisher>
      <UniqueName>ManuelPortero</UniqueName>
      <LocalizedNames>
        <LocalizedName description="ManuelPortero" languagecode="3082" />
      </LocalizedNames>
      <Descriptions>
        <Description description="Model Driven App developed by Manuel Portero Leiva" languagecode="3082" />
      </Descriptions>
      <EMailAddress xsi:nil="true"></EMailAddress>
      <SupportingWebsiteUrl xsi:nil="true"></SupportingWebsiteUrl>
      <CustomizationPrefix>mpl</CustomizationPrefix>
      <CustomizationOptionValuePrefix>86553</CustomizationOptionValuePrefix>
      <Addresses>
        <Address>
          <AddressNumber>1</AddressNumber>
          <AddressTypeCode>1</AddressTypeCode>
          <City xsi:nil="true"></City>
          <County xsi:nil="true"></County>
          <Country xsi:nil="true"></Country>
          <Fax xsi:nil="true"></Fax>
          <FreightTermsCode xsi:nil="true"></FreightTermsCode>
          <ImportSequenceNumber xsi:nil="true"></ImportSequenceNumber>
          <Latitude xsi:nil="true"></Latitude>
          <Line1 xsi:nil="true"></Line1>
          <Line2 xsi:nil="true"></Line2>
          <Line3 xsi:nil="true"></Line3>
          <Longitude xsi:nil="true"></Longitude>
          <Name xsi:nil="true"></Name>
          <PostalCode xsi:nil="true"></PostalCode>
          <PostOfficeBox xsi:nil="true"></PostOfficeBox>
          <PrimaryContactName xsi:nil="true"></PrimaryContactName>
          <ShippingMethodCode>1</ShippingMethodCode>
          <StateOrProvince xsi:nil="true"></StateOrProvince>
          <Telephone1 xsi:nil="true"></Telephone1>
          <Telephone2 xsi:nil="true"></Telephone2>
          <Telephone3 xsi:nil="true"></Telephone3>
          <TimeZoneRuleVersionNumber xsi:nil="true"></TimeZoneRuleVersionNumber>
          <UPSZone xsi:nil="true"></UPSZone>
          <UTCOffset xsi:nil="true"></UTCOffset>
          <UTCConversionTimeZoneCode xsi:nil="true"></UTCConversionTimeZoneCode>
        </Address>
        <Address>
          <AddressNumber>2</AddressNumber>
          <AddressTypeCode>1</AddressTypeCode>
          <City xsi:nil="true"></City>
          <County xsi:nil="true"></County>
          <Country xsi:nil="true"></Country>
          <Fax xsi:nil="true"></Fax>
          <FreightTermsCode xsi:nil="true"></FreightTermsCode>
          <ImportSequenceNumber xsi:nil="true"></ImportSequenceNumber>
          <Latitude xsi:nil="true"></Latitude>
          <Line1 xsi:nil="true"></Line1>
          <Line2 xsi:nil="true"></Line2>
          <Line3 xsi:nil="true"></Line3>
          <Longitude xsi:nil="true"></Longitude>
          <Name xsi:nil="true"></Name>
          <PostalCode xsi:nil="true"></PostalCode>
          <PostOfficeBox xsi:nil="true"></PostOfficeBox>
          <PrimaryContactName xsi:nil="true"></PrimaryContactName>
          <ShippingMethodCode>1</ShippingMethodCode>
          <StateOrProvince xsi:nil="true"></StateOrProvince>
          <Telephone1 xsi:nil="true"></Telephone1>
          <Telephone2 xsi:nil="true"></Telephone2>
          <Telephone3 xsi:nil="true"></Telephone3>
          <TimeZoneRuleVersionNumber xsi:nil="true"></TimeZoneRuleVersionNumber>
          <UPSZone xsi:nil="true"></UPSZone>
          <UTCOffset xsi:nil="true"></UTCOffset>
          <UTCConversionTimeZoneCode xsi:nil="true"></UTCConversionTimeZoneCode>
        </Address>
      </Addresses>
    </Publisher>
    <RootComponents>
      <RootComponent type="29" id="{5687f4ed-4301-ee11-8f6e-000d3a292a69}" behavior="0" />
      <RootComponent type="29" id="{78cb1108-4101-ee11-8f6e-000d3a292a69}" behavior="0" />
      <RootComponent type="300" schemaName="mpl_travelsrequestsolutiondesktopapp_c7e39" behavior="0" />
    </RootComponents>
    <MissingDependencies>
      <MissingDependency>
        <Required type="29" displayName="Travel_Request_Comunication_Email" solution="Active" id="{e5ebb109-4301-ee11-8f6e-000d3a292a69}" />
        <Dependent type="300" schemaName="mpl_travelsrequestsolutiondesktopapp_c7e39" displayName="Travels_Request_Solution_DesktopApp" />
      </MissingDependency>
      <MissingDependency>
        <Required type="connectionreference" displayName="new_sharedapprovals_bfd4a" solution="Active" id.connectionreferencelogicalname="new_sharedapprovals_bfd4a" />
        <Dependent type="29" displayName="TravelRequestApprovalSolution" id="{78cb1108-4101-ee11-8f6e-000d3a292a69}" />
      </MissingDependency>
      <MissingDependency>
        <Required type="connectionreference" displayName="new_sharedoffice365_150da" solution="Active" id.connectionreferencelogicalname="new_sharedoffice365_150da" />
        <Dependent type="29" displayName="Travel_Request_Comunication_Teams" id="{5687f4ed-4301-ee11-8f6e-000d3a292a69}" />
      </MissingDependency>
      <MissingDependency>
        <Required type="connectionreference" displayName="new_sharedoffice365_150da" solution="Active" id.connectionreferencelogicalname="new_sharedoffice365_150da" />
        <Dependent type="29" displayName="TravelRequestApprovalSolution" id="{78cb1108-4101-ee11-8f6e-000d3a292a69}" />
      </MissingDependency>
      <MissingDependency>
        <Required type="connectionreference" displayName="new_sharedsharepointonline_424f1" solution="Active" id.connectionreferencelogicalname="new_sharedsharepointonline_424f1" />
        <Dependent type="29" displayName="TravelRequestApprovalSolution" id="{78cb1108-4101-ee11-8f6e-000d3a292a69}" />
      </MissingDependency>
    </MissingDependencies>
  </SolutionManifest>
</ImportExportXml>