{"name":"bd69b9fb-427e-4ea1-bc8b-1e19ae3902e7","id":"/providers/Microsoft.Flow/flows/bd69b9fb-427e-4ea1-bc8b-1e19ae3902e7","type":"Microsoft.Flow/flows","properties":{"apiId":"/providers/Microsoft.PowerApps/apis/shared_logicflows","displayName":"Travel_Request_Comunication_Email","definition":{"metadata":{"workflowEntityId":null,"processAdvisorMetadata":null,"flowclientsuspensionreason":"None","flowclientsuspensiontime":null,"flowclientsuspensionreasondetails":null,"creator":{"id":"328e7e8a-5b8b-4e39-8d0f-667d76bd380b","type":"User","tenantId":"8b03e177-0c71-4948-bb4d-abb386b73f7e"},"provisioningMethod":"FromDefinition","failureAlertSubscription":true,"clientLastModifiedTime":"2022-08-07T14:28:06.4624218Z"},"$schema":"https://schema.management.azure.com/providers/Microsoft.Logic/schemas/2016-06-01/workflowdefinition.json#","contentVersion":"1.0.0.0","parameters":{"$connections":{"defaultValue":{},"type":"Object"},"$authentication":{"defaultValue":{},"type":"SecureObject"}},"triggers":{"manual":{"metadata":{"operationMetadataId":"2eb39370-3372-4f32-848c-194979e7e107"},"type":"Request","kind":"PowerApp","inputs":{"schema":{"type":"object","properties":{"SetTitle_Value":{"type":"string","description":"Enter initial value","x-ms-powerflows-param-ispartial":false},"SetRequestor_Value":{"type":"string","description":"Enter initial value","x-ms-powerflows-param-ispartial":false},"SetRequested_Value":{"type":"string","description":"Enter initial value","x-ms-powerflows-param-ispartial":false},"SetComunication_Value":{"type":"string","description":"Enter initial value","x-ms-powerflows-param-ispartial":false}},"required":["SetTitle_Value","SetRequestor_Value","SetRequested_Value","SetComunication_Value"]}}}},"actions":{"Set_Title":{"runAfter":{},"metadata":{"operationMetadataId":"0a76ed22-d424-4158-a0f3-611ec09906c9"},"type":"InitializeVariable","inputs":{"variables":[{"name":"Comunication Title","type":"string","value":"@{triggerBody()['SetTitle_Value']}"}]}},"Set_Requestor":{"runAfter":{"Set_Title":["Succeeded"]},"metadata":{"operationMetadataId":"146340a0-cada-4b2b-8913-d0bbc7077651"},"type":"InitializeVariable","inputs":{"variables":[{"name":"Requestor","type":"string","value":"@{triggerBody()['SetRequestor_Value']}"}]}},"Set_Requested":{"runAfter":{"Set_Requestor":["Succeeded"]},"metadata":{"operationMetadataId":"3a8f2c65-35f9-40fe-b03d-1ae5512480fc"},"type":"InitializeVariable","inputs":{"variables":[{"name":"Requested","type":"string","value":"@{triggerBody()['SetRequested_Value']}"}]}},"Set_Comunication":{"runAfter":{"Set_Requested":["Succeeded"]},"metadata":{"operationMetadataId":"4de7d282-5790-4b82-bb8a-6c71bc6de8fc"},"type":"InitializeVariable","inputs":{"variables":[{"name":"Comunication","type":"string","value":"@{triggerBody()['SetComunication_Value']}"}]}},"Send_an_email_(V2)":{"runAfter":{"Set_Comunication":["Succeeded"]},"metadata":{"operationMetadataId":"e3a1289f-0555-49f3-bb4c-402bbe713aec"},"type":"OpenApiConnection","inputs":{"host":{"apiId":"/providers/Microsoft.PowerApps/apis/shared_office365","connectionName":"shared_office365","operationId":"SendEmailV2"},"parameters":{"emailMessage/To":"@variables('Requested')","emailMessage/Subject":"Travel request communication :@{variables('Comunication Title')}","emailMessage/Body":"<p>@{variables('Comunication')}</p>","emailMessage/Importance":"Normal"},"authentication":{"value":"@json(decodeBase64(triggerOutputs().headers['X-MS-APIM-Tokens']))['$ConnectionKey']","type":"Raw"}}},"Respond_to_a_PowerApp_or_flow":{"runAfter":{"Send_an_email_(V2)":["Succeeded"]},"metadata":{"operationMetadataId":"8eb36cc2-d22a-4b17-a2dd-ee4023d09361"},"type":"Response","kind":"PowerApp","inputs":{"statusCode":200,"body":{"result":"OK"},"schema":{"type":"object","properties":{"result":{"title":"result","x-ms-dynamically-added":true,"type":"string"}}}}}},"outputs":{}},"connectionReferences":{"shared_office365":{"connectionName":"73a78dadb56f4a6cad7699b778e16a67","source":"Invoker","id":"/providers/Microsoft.PowerApps/apis/shared_office365","tier":"NotSpecified"}},"flowFailureAlertSubscribed":false,"isManaged":false}}