{"name":"a62c97a0-dc1f-4ab1-8e9a-653cd5083cbe","id":"/providers/Microsoft.Flow/flows/a62c97a0-dc1f-4ab1-8e9a-653cd5083cbe","type":"Microsoft.Flow/flows","properties":{"apiId":"/providers/Microsoft.PowerApps/apis/shared_logicflows","displayName":"Travel Request Approval","definition":{"metadata":{"workflowEntityId":null,"processAdvisorMetadata":null,"flowclientsuspensionreason":"None","flowclientsuspensiontime":null,"flowclientsuspensionreasondetails":null,"creator":{"id":"328e7e8a-5b8b-4e39-8d0f-667d76bd380b","type":"User","tenantId":"8b03e177-0c71-4948-bb4d-abb386b73f7e"},"provisioningMethod":"FromDefinition","failureAlertSubscription":true,"clientLastModifiedTime":"2022-08-13T20:10:32.7110981Z"},"$schema":"https://schema.management.azure.com/providers/Microsoft.Logic/schemas/2016-06-01/workflowdefinition.json#","contentVersion":"1.0.0.0","parameters":{"$connections":{"defaultValue":{},"type":"Object"},"$authentication":{"defaultValue":{},"type":"SecureObject"}},"triggers":{"When_an_item_is_created_or_modified_in_travel_request_list":{"recurrence":{"frequency":"Minute","interval":1},"splitOn":"@triggerOutputs()?['body/value']","metadata":{"operationMetadataId":"b0cb6173-75ea-4f66-a1c8-971e86f818ed"},"type":"OpenApiConnection","inputs":{"host":{"apiId":"/providers/Microsoft.PowerApps/apis/shared_sharepointonline","connectionName":"shared_sharepointonline","operationId":"GetOnUpdatedItems"},"parameters":{"dataset":"https://manuelportero.sharepoint.com/sites/TravelRequest","table":"c8febd69-2cb2-4ec2-8446-bf9a20b4db31"},"authentication":"@parameters('$authentication')"}}},"actions":{"Start_and_wait_for_management_approval":{"runAfter":{},"metadata":{"operationMetadataId":"40a881d3-c030-498c-be61-a6113965adbe"},"type":"OpenApiConnectionWebhook","inputs":{"host":{"apiId":"/providers/Microsoft.PowerApps/apis/shared_approvals","connectionName":"shared_approvals_1","operationId":"StartAndWaitForAnApproval"},"parameters":{"approvalType":"Basic","WebhookApprovalCreationInput/title":"Travel Request @{triggerOutputs()?['body/Title']}","WebhookApprovalCreationInput/assignedTo":"ManuelPortero@manuelportero.onmicrosoft.com","WebhookApprovalCreationInput/details":"Flight to @{triggerOutputs()?['body/Destination']} from @{triggerOutputs()?['body/TripBegin']} to @{triggerOutputs()?['body/TripEnd']} with cost @{triggerOutputs()?['body/EstimatedCost']}. Description: @{triggerOutputs()?['body/Description']}","WebhookApprovalCreationInput/enableNotifications":true,"WebhookApprovalCreationInput/enableReassignment":true},"authentication":"@parameters('$authentication')"}},"Condition":{"actions":{"Create_item":{"runAfter":{},"metadata":{"operationMetadataId":"7d1ee013-d442-4d5c-96c1-ed5b441926df"},"type":"OpenApiConnection","inputs":{"host":{"apiId":"/providers/Microsoft.PowerApps/apis/shared_sharepointonline","connectionName":"shared_sharepointonline","operationId":"PostItem"},"parameters":{"dataset":"https://manuelportero.sharepoint.com/sites/TravelRequest","table":"f7323352-e54f-46cc-9069-183e4348febd","item/Title":"@triggerOutputs()?['body/Title']","item/Destination":"@triggerOutputs()?['body/Destination']","item/BeginDate":"@triggerOutputs()?['body/TripBegin']","item/EndDate":"@triggerOutputs()?['body/TripEnd']","item/Choice":"\"Approved\"","item/Manager":"@triggerOutputs()?['body/Manager/DisplayName']"},"authentication":"@parameters('$authentication')"}}},"runAfter":{"Start_and_wait_for_management_approval":["Succeeded"]},"else":{"actions":{"Create_item_2":{"runAfter":{},"metadata":{"operationMetadataId":"676776ae-baa6-44ad-a796-0dd61414eb46"},"type":"OpenApiConnection","inputs":{"host":{"apiId":"/providers/Microsoft.PowerApps/apis/shared_sharepointonline","connectionName":"shared_sharepointonline","operationId":"PostItem"},"parameters":{"dataset":"https://manuelportero.sharepoint.com/sites/TravelRequest","table":"f7323352-e54f-46cc-9069-183e4348febd","item/Title":"@triggerOutputs()?['body/Title']","item/Destination":"@triggerOutputs()?['body/Destination']","item/BeginDate":"@triggerOutputs()?['body/TripBegin']","item/EndDate":"@triggerOutputs()?['body/TripEnd']","item/Choice":"\"Rejected\"","item/Manager":"@triggerOutputs()?['body/Manager/DisplayName']"},"authentication":"@parameters('$authentication')"}}}},"expression":{"contains":["@outputs('Start_and_wait_for_management_approval')?['body/outcome']","Approve"]},"metadata":{"operationMetadataId":"5bdff2b5-9426-4316-bd15-97339c1d44d2"},"type":"If"}}},"connectionReferences":{"shared_approvals_1":{"connectionName":"ee01aef8a4d44f55bfc0e0b298dce4ab","source":"Embedded","id":"/providers/Microsoft.PowerApps/apis/shared_approvals","tier":"NotSpecified"},"shared_sharepointonline":{"connectionName":"shared-sharepointonl-b8d9abce-8d3f-457c-90db-1b1a-cdbdc681","source":"Embedded","id":"/providers/Microsoft.PowerApps/apis/shared_sharepointonline","tier":"NotSpecified"}},"flowFailureAlertSubscribed":false,"isManaged":false}}