{"name":"683472a7-9222-49f6-9001-b118d55630d7","id":"/providers/Microsoft.Flow/flows/683472a7-9222-49f6-9001-b118d55630d7","type":"Microsoft.Flow/flows","properties":{"apiId":"/providers/Microsoft.PowerApps/apis/shared_logicflows","displayName":"Travel_Request_Comunication_SMS","definition":{"metadata":{"workflowEntityId":null,"processAdvisorMetadata":null,"flowclientsuspensionreason":"None","flowclientsuspensiontime":null,"flowclientsuspensionreasondetails":null,"creator":{"id":"328e7e8a-5b8b-4e39-8d0f-667d76bd380b","type":"User","tenantId":"8b03e177-0c71-4948-bb4d-abb386b73f7e"},"provisioningMethod":"FromDefinition","failureAlertSubscription":true,"clientLastModifiedTime":"2022-08-07T14:17:14.3238153Z"},"$schema":"https://schema.management.azure.com/providers/Microsoft.Logic/schemas/2016-06-01/workflowdefinition.json#","contentVersion":"1.0.0.0","parameters":{"$authentication":{"defaultValue":{},"type":"SecureObject"}},"triggers":{"manual":{"metadata":{"operationMetadataId":"2eb39370-3372-4f32-848c-194979e7e107"},"type":"Request","kind":"PowerApp","inputs":{"schema":{"type":"object","properties":{"SetTitle_Value":{"type":"string","description":"Enter initial value","x-ms-powerflows-param-ispartial":false},"SetRequestor_Value":{"type":"string","description":"Enter initial value","x-ms-powerflows-param-ispartial":false},"SetRequested_Value":{"type":"string","description":"Enter initial value","x-ms-powerflows-param-ispartial":false},"SetComunication_Value":{"type":"string","description":"Enter initial value","x-ms-powerflows-param-ispartial":false}},"required":["SetTitle_Value","SetRequestor_Value","SetRequested_Value","SetComunication_Value"]}}}},"actions":{"Set_Title":{"runAfter":{},"metadata":{"operationMetadataId":"0a76ed22-d424-4158-a0f3-611ec09906c9"},"type":"InitializeVariable","inputs":{"variables":[{"name":"Comunication Title","type":"string","value":"@{triggerBody()['SetTitle_Value']}"}]}},"Set_Requestor":{"runAfter":{"Set_Title":["Succeeded"]},"metadata":{"operationMetadataId":"146340a0-cada-4b2b-8913-d0bbc7077651"},"type":"InitializeVariable","inputs":{"variables":[{"name":"Requestor","type":"string","value":"@{triggerBody()['SetRequestor_Value']}"}]}},"Set_Requested":{"runAfter":{"Set_Requestor":["Succeeded"]},"metadata":{"operationMetadataId":"3a8f2c65-35f9-40fe-b03d-1ae5512480fc"},"type":"InitializeVariable","inputs":{"variables":[{"name":"Requested","type":"string","value":"@{triggerBody()['SetRequested_Value']}"}]}},"Set_Comunication":{"runAfter":{"Set_Requested":["Succeeded"]},"metadata":{"operationMetadataId":"4de7d282-5790-4b82-bb8a-6c71bc6de8fc"},"type":"InitializeVariable","inputs":{"variables":[{"name":"Comunication","type":"string","value":"@{triggerBody()['SetComunication_Value']}"}]}},"Respond_to_a_PowerApp_or_flow":{"runAfter":{"Set_Comunication":["Succeeded"]},"metadata":{"operationMetadataId":"8eb36cc2-d22a-4b17-a2dd-ee4023d09361"},"type":"Response","kind":"PowerApp","inputs":{"statusCode":200,"body":{"result":"OK"},"schema":{"type":"object","properties":{"result":{"title":"result","x-ms-dynamically-added":true,"type":"string"}}}}}},"outputs":{}},"connectionReferences":{},"flowFailureAlertSubscribed":false,"isManaged":false}}