{"schemaVersion":"1.0","appDefinitionTemplate":{"id":"/providers/Microsoft.PowerApps/apps/","type":"Microsoft.PowerApps/apps","tags":{"primaryDeviceWidth":"1366","primaryDeviceHeight":"768","supportsPortrait":"true","supportsLandscape":"true","primaryFormFactor":"Tablet","publisherVersion":"3.22084.15","minimumRequiredApiVersion":"2.2.0","hasComponent":"false","hasUnlockedComponent":"false","isUnifiedRootApp":"false","sienaVersion":"20220903T202824Z-3.22084.15.0"},"properties":{"appVersion":"2022-09-03T20:28:24Z","lifeCycleId":"Published","createdByClientVersion":{"major":3,"minor":22084,"build":15,"revision":0,"majorRevision":0,"minorRevision":0},"minClientVersion":{"major":3,"minor":22084,"build":15,"revision":0,"majorRevision":0,"minorRevision":0},"backgroundColor":"rgba(255, 255, 255, 1)","backgroundImageUri":"/3579131608704665849/Nc83681f4-70b9-4042-ad54-0883bc63c74c-logoSmallFile","displayName":"Corporative_Travels_App","description":"App created for manage corporative travels for a determinated company.\nAuthor: Manuel Portero Leiva","commitMessage":"","appUris":{"documentUri":{"value":"/3579131608704665849/Nc3f53430-5b38-4178-92e8-ddacb8857297-document.msapp"},"imageUris":[],"additionalUris":[]},"createdTime":"0001-01-01T00:00:00Z","lastModifiedTime":"0001-01-01T00:00:00Z","sharedGroupsCount":0,"sharedUsersCount":0,"icons":{"smallIconUri":"/3579131608704665849/N4ed5fd7f-fba0-42e7-a261-7dc4625f582b-small.png","mediumIconUri":"/3579131608704665849/Na27145ee-55a0-4828-90d8-d0db6d2c91db-medium.png","largeIconUri":"/3579131608704665849/Nc59f6572-ab1e-49c0-9f24-ac91f478664f-large.png","wideIconUri":"/3579131608704665849/N1513c5db-97ff-4adf-8c5a-7a0a0c8cb495-wide.png"},"connectionReferences":{"03be2f9f-0a4a-4450-a8c6-6df5dcba4337":{"id":"852f9df4-93d4-4b8b-8edd-e41e89a0feae","displayName":"Office 365 Outlook","iconUri":"https://connectoricons-prod.azureedge.net/releases/v1.0.1595/1.0.1595.2986/office365/icon.png","dataSources":["Office365Outlook"],"dependencies":[],"dependents":["f94923a9-2294-4de9-887f-5462ec11ea1c"],"parameterHints":{},"parameterHintsV2":{},"isOnPremiseConnection":false,"bypassConsent":false,"dataSets":{},"apiTier":"Standard","isCustomApiConnection":false,"actions":["CalendarGetTables","GetEventsCalendarViewV2"]},"b8fc4d4d-7558-4009-878d-32ddcbed5058":{"id":"82941e9d-6225-4590-aeea-dcdf97cd516a","displayName":"SharePoint","iconUri":"https://connectoricons-prod.azureedge.net/releases/v1.0.1591/1.0.1591.2961/sharepointonline/icon.png","dataSources":["Travel Approvals","Travel Communication","Travel Request"],"dependencies":[],"dependents":[],"parameterHints":{},"parameterHintsV2":{},"isOnPremiseConnection":false,"bypassConsent":false,"dataSets":{"https://t8656.sharepoint.com/sites/Travel_Request/":{"dataSources":{"Travel Approvals":{"tableName":"d736c30f-8ee8-4f67-bab7-3d8603470825"},"Travel Communication":{"tableName":"f9a0b294-d359-4fd7-9a57-14e5807bfb05"},"Travel Request":{"tableName":"7203dabc-11be-488b-9298-d77079e3d87c"}}}},"apiTier":"Standard","isCustomApiConnection":false,"actions":["providers/PowerPlatform.Governance/Operations/Read"]},"21d8dbcc-067c-48a4-b600-c6f45a4db1db":{"id":"1b054fff-6a90-4c45-90f9-58e3b402966e","displayName":"Flujos lógicos","iconUri":"https://connectoricons-prod.azureedge.net/releases/v1.0.1534/1.0.1534.2605/logicflows/icon.png","dataSources":["Travel_Request_Comunication_Teams"],"dependencies":[],"dependents":[],"parameterHints":{"workflowName":{"value":"4acae7fc-cbbf-434e-9391-3fee046d8d9c"},"workflowEntityId":{}},"parameterHintsV2":{"workflowName":{"value":"4acae7fc-cbbf-434e-9391-3fee046d8d9c"},"workflowEntityId":{}},"isOnPremiseConnection":false,"bypassConsent":false,"dataSets":{},"apiTier":"Standard","isCustomApiConnection":false,"actions":["Run"],"nestedActions":[]},"2fc54d30-60f4-4c53-8b29-7b599a60db1a":{"id":"1b054fff-6a90-4c45-90f9-58e3b402966e","displayName":"Flujos lógicos","iconUri":"https://connectoricons-prod.azureedge.net/releases/v1.0.1534/1.0.1534.2605/logicflows/icon.png","dataSources":["Travel_Request_Comunication_SMS"],"dependencies":[],"dependents":[],"parameterHints":{"workflowName":{"value":"8bd89655-7398-40c6-bf83-07c9c6e8d9f5"},"workflowEntityId":{}},"parameterHintsV2":{"workflowName":{"value":"8bd89655-7398-40c6-bf83-07c9c6e8d9f5"},"workflowEntityId":{}},"isOnPremiseConnection":false,"bypassConsent":false,"dataSets":{},"apiTier":"Standard","isCustomApiConnection":false,"actions":["Run"],"nestedActions":[]},"f94923a9-2294-4de9-887f-5462ec11ea1c":{"id":"1b054fff-6a90-4c45-90f9-58e3b402966e","displayName":"Flujos lógicos","iconUri":"https://connectoricons-prod.azureedge.net/releases/v1.0.1534/1.0.1534.2605/logicflows/icon.png","dataSources":["Travel_Request_Comunication_Email"],"dependencies":["03be2f9f-0a4a-4450-a8c6-6df5dcba4337"],"dependents":[],"parameterHints":{"workflowName":{"value":"a6d59df7-c7b8-4cab-ba0d-b57d086f5b19"},"workflowEntityId":{},"03be2f9f-0a4a-4450-a8c6-6df5dcba4337":{"value":"shared_office365"}},"parameterHintsV2":{"workflowName":{"value":"a6d59df7-c7b8-4cab-ba0d-b57d086f5b19"},"workflowEntityId":{},"shared_office365":{"value":"03be2f9f-0a4a-4450-a8c6-6df5dcba4337"}},"isOnPremiseConnection":false,"bypassConsent":false,"dataSets":{},"apiTier":"Standard","isCustomApiConnection":false,"actions":["Run"],"nestedActions":[{"id":"/providers/Microsoft.PowerApps/apis/shared_office365/apiOperations/SendEmailV2","apiName":"Office 365 Outlook","actionName":"SendEmailV2","referencedResources":[]}]},"65b9b349-731a-4107-be82-473e37759a3f":{"id":"d6e78153-021c-4119-b80a-9769f13c9e51","displayName":"Servicios espaciales","iconUri":"https://connectoricons-prod.azureedge.net/releases/v1.0.1586/1.0.1586.2912/microsoftspatialservices/icon.png","dataSources":["Serviciosespaciales"],"dependencies":[],"dependents":[],"parameterHints":{},"parameterHintsV2":{},"isOnPremiseConnection":false,"bypassConsent":false,"dataSets":{},"apiTier":"Premium","isCustomApiConnection":false}},"databaseReferences":{},"almMode":"Environment","performanceOptimizationEnabled":true,"canConsumeAppPass":true,"enableModernRuntimeMode":false,"executionRestrictions":{"isTeamsOnly":false,"dataLossPreventionEvaluationResult":{"status":"Compliant","lastEvaluationDate":"2022-09-03T20:28:44.2391587Z","violations":[],"violationsByPolicy":[],"violationErrorMessage":"La aplicación usa los siguientes conectores: shared_office365, shared_sharepointonline, shared_logicflows, shared_microsoftspatialservices."},"httpActionRestriction":{"appUsesSharepointHttpAction":false,"enforcementStrategy":"Legacy","evaluationTime":"2022-09-03T20:28:44.2390569Z"}}},"appType":"ClassicCanvasApp","appComponents":[]}}