{"name":"ed0e704c-beb2-4056-8410-ee3bde3277f5","id":"/providers/Microsoft.Flow/flows/ed0e704c-beb2-4056-8410-ee3bde3277f5","type":"Microsoft.Flow/flows","properties":{"apiId":"/providers/Microsoft.PowerApps/apis/shared_logicflows","displayName":"Travel_Request_Comunication_Teams","definition":{"metadata":{"workflowEntityId":null,"processAdvisorMetadata":null,"flowclientsuspensionreason":"None","flowclientsuspensiontime":null,"flowclientsuspensionreasondetails":null,"creator":{"id":"328e7e8a-5b8b-4e39-8d0f-667d76bd380b","type":"User","tenantId":"8b03e177-0c71-4948-bb4d-abb386b73f7e"},"provisioningMethod":"FromDefinition","failureAlertSubscription":true,"clientLastModifiedTime":"2022-08-07T14:28:17.7647411Z"},"$schema":"https://schema.management.azure.com/providers/Microsoft.Logic/schemas/2016-06-01/workflowdefinition.json#","contentVersion":"1.0.0.0","parameters":{"$connections":{"defaultValue":{},"type":"Object"},"$authentication":{"defaultValue":{},"type":"SecureObject"}},"triggers":{"manual":{"metadata":{"operationMetadataId":"2eb39370-3372-4f32-848c-194979e7e107"},"type":"Request","kind":"PowerApp","inputs":{"schema":{"type":"object","properties":{"SetTitle_Value":{"type":"string","description":"Enter initial value","x-ms-powerflows-param-ispartial":false},"SetRequestor_Value":{"type":"string","description":"Enter initial value","x-ms-powerflows-param-ispartial":false},"SetRequested_Value":{"type":"string","description":"Enter initial value","x-ms-powerflows-param-ispartial":false},"SetComunication_Value":{"type":"string","description":"Enter initial value","x-ms-powerflows-param-ispartial":false}},"required":["SetTitle_Value","SetRequestor_Value","SetRequested_Value","SetComunication_Value"]}}}},"actions":{"Set_Title":{"runAfter":{},"metadata":{"operationMetadataId":"0a76ed22-d424-4158-a0f3-611ec09906c9"},"type":"InitializeVariable","inputs":{"variables":[{"name":"Comunication Title","type":"string","value":"@{triggerBody()['SetTitle_Value']}"}]}},"Set_Requestor":{"runAfter":{"Set_Title":["Succeeded"]},"metadata":{"operationMetadataId":"146340a0-cada-4b2b-8913-d0bbc7077651"},"type":"InitializeVariable","inputs":{"variables":[{"name":"Requestor","type":"string","value":"@{triggerBody()['SetRequestor_Value']}"}]}},"Set_Requested":{"runAfter":{"Set_Requestor":["Succeeded"]},"metadata":{"operationMetadataId":"3a8f2c65-35f9-40fe-b03d-1ae5512480fc"},"type":"InitializeVariable","inputs":{"variables":[{"name":"Requested","type":"string","value":"@{triggerBody()['SetRequested_Value']}"}]}},"Set_Comunication":{"runAfter":{"Set_Requested":["Succeeded"]},"metadata":{"operationMetadataId":"4de7d282-5790-4b82-bb8a-6c71bc6de8fc"},"type":"InitializeVariable","inputs":{"variables":[{"name":"Comunication","type":"string","value":"@{triggerBody()['SetComunication_Value']}"}]}},"Post_message_in_a_chat_or_channel":{"runAfter":{"Set_Comunication":["Succeeded"]},"metadata":{"operationMetadataId":"89e5b69f-f9fd-4a3d-9c2f-e5dcb36917c4"},"type":"OpenApiConnection","inputs":{"host":{"apiId":"/providers/Microsoft.PowerApps/apis/shared_teams","connectionName":"shared_teams","operationId":"PostMessageToConversation"},"parameters":{"poster":"User","location":"Group chat","body/recipient":"19:8050edcdceb84b8cb9e37770c5b8e1ff@thread.v2","body/messageBody":"<p>Travel request communication for @{variables('Requested')}:@{variables('Comunication Title')}<br>\n<br>\n@{variables('Comunication')}</p>"},"authentication":{"value":"@json(decodeBase64(triggerOutputs().headers['X-MS-APIM-Tokens']))['$ConnectionKey']","type":"Raw"}}},"Respond_to_a_PowerApp_or_flow":{"runAfter":{"Post_message_in_a_chat_or_channel":["Succeeded"]},"metadata":{"operationMetadataId":"8eb36cc2-d22a-4b17-a2dd-ee4023d09361"},"type":"Response","kind":"PowerApp","inputs":{"statusCode":200,"body":{"result":"OK"},"schema":{"type":"object","properties":{"result":{"title":"result","x-ms-dynamically-added":true,"type":"string"}}}}}},"outputs":{}},"connectionReferences":{"shared_teams":{"connectionName":"178ab89708744d0380ff9b18956d7ab7","source":"Invoker","id":"/providers/Microsoft.PowerApps/apis/shared_teams","tier":"NotSpecified"}},"flowFailureAlertSubscribed":false,"isManaged":false}}