{"schemaVersion":"1.0","appDefinitionTemplate":{"id":"/providers/Microsoft.PowerApps/apps/","type":"Microsoft.PowerApps/apps","tags":{"primaryDeviceWidth":"1366","primaryDeviceHeight":"768","supportsPortrait":"true","supportsLandscape":"true","primaryFormFactor":"Tablet","publisherVersion":"3.22074.11","minimumRequiredApiVersion":"2.2.0","hasComponent":"false","hasUnlockedComponent":"false","isUnifiedRootApp":"false","sienaVersion":"20220807T124229Z-3.22074.11.0"},"properties":{"appVersion":"2022-08-07T12:42:29Z","lifeCycleId":"Published","createdByClientVersion":{"major":3,"minor":22074,"build":11,"revision":0,"majorRevision":0,"minorRevision":0},"minClientVersion":{"major":3,"minor":22074,"build":11,"revision":0,"majorRevision":0,"minorRevision":0},"backgroundColor":"rgba(255, 255, 255, 1)","backgroundImageUri":"/13266606642261079438/N1a9261e2-798c-4552-8d20-797ec3a5aa99-logoSmallFile","displayName":"Corporative_Travels_App","description":"App created for manage corporative travels for a determinated company.","commitMessage":"","appUris":{"documentUri":{"value":"/13266606642261079438/Nf186038a-5be1-4e17-b2a1-94a728fa2cc8-document.msapp"},"imageUris":[],"additionalUris":[]},"createdTime":"0001-01-01T00:00:00Z","lastModifiedTime":"0001-01-01T00:00:00Z","sharedGroupsCount":0,"sharedUsersCount":0,"icons":{"smallIconUri":"/13266606642261079438/N2a9a295b-ca8f-405c-b102-0a1b83dab0e5-small.png","mediumIconUri":"/13266606642261079438/N601cab48-a337-4b3d-8aa0-e9d05b8aa7ec-medium.png","largeIconUri":"/13266606642261079438/Nd67fe85c-6512-4de1-b3c9-2ecf0c83b9e2-large.png","wideIconUri":"/13266606642261079438/N85f1d28a-c163-444c-b0ec-26def001e9ff-wide.png"},"connectionReferences":{"cf9b8fd6-20af-43a0-b3bb-cd45ffd745a5":{"id":"46dfbf4b-991c-4dcc-914c-4979180b6e23","displayName":"SharePoint","iconUri":"https://connectoricons-prod.azureedge.net/releases/v1.0.1588/1.0.1588.2938/sharepointonline/icon.png","dataSources":["Travel Request","Travel Approvals"],"dependencies":[],"dependents":[],"parameterHints":{},"parameterHintsV2":{},"isOnPremiseConnection":false,"bypassConsent":false,"dataSets":{"https://manuelportero.sharepoint.com/sites/TravelRequest":{"dataSources":{"Travel Request":{"tableName":"c8febd69-2cb2-4ec2-8446-bf9a20b4db31"},"Travel Approvals":{"tableName":"f7323352-e54f-46cc-9069-183e4348febd"}}}},"apiTier":"Standard","isCustomApiConnection":false,"actions":["providers/PowerPlatform.Governance/Operations/Read"]}},"databaseReferences":{},"almMode":"Environment","performanceOptimizationEnabled":true,"canConsumeAppPass":true,"executionRestrictions":{"isTeamsOnly":false,"dataLossPreventionEvaluationResult":{"status":"Compliant","lastEvaluationDate":"2022-08-07T11:39:58.6507354Z","violations":[],"violationsByPolicy":[],"violationErrorMessage":"La aplicación usa los siguientes conectores: shared_sharepointonline."}}},"appType":"ClassicCanvasApp","appComponents":[]}}